--
-- PostgreSQL database dump
--

SET statement_timeout = 0;
SET lock_timeout = 0;
SET client_encoding = 'UTF8';
SET standard_conforming_strings = on;
SELECT pg_catalog.set_config('search_path', '', false);
SET check_function_bodies = false;
SET client_min_messages = warning;

--
-- Name: plpgsql; Type: EXTENSION; Schema: -; Owner: 
--

CREATE EXTENSION IF NOT EXISTS plpgsql WITH SCHEMA pg_catalog;


--
-- Name: EXTENSION plpgsql; Type: COMMENT; Schema: -; Owner: 
--

COMMENT ON EXTENSION plpgsql IS 'PL/pgSQL procedural language';


SET default_tablespace = '';

SET default_with_oids = false;

--
-- Name: ar_internal_metadata; Type: TABLE; Schema: public; Owner: Robert Lee; Tablespace: 
--

CREATE TABLE public.ar_internal_metadata (
    key character varying NOT NULL,
    value character varying,
    created_at timestamp without time zone NOT NULL,
    updated_at timestamp without time zone NOT NULL
);


ALTER TABLE public.ar_internal_metadata OWNER TO "Robert Lee";

--
-- Name: products; Type: TABLE; Schema: public; Owner: Robert Lee; Tablespace: 
--

CREATE TABLE public.products (
    id bigint NOT NULL,
    name character varying,
    cost double precision,
    origin character varying,
    created_at timestamp without time zone NOT NULL,
    updated_at timestamp without time zone NOT NULL
);


ALTER TABLE public.products OWNER TO "Robert Lee";

--
-- Name: products_id_seq; Type: SEQUENCE; Schema: public; Owner: Robert Lee
--

CREATE SEQUENCE public.products_id_seq
    START WITH 1
    INCREMENT BY 1
    NO MINVALUE
    NO MAXVALUE
    CACHE 1;


ALTER TABLE public.products_id_seq OWNER TO "Robert Lee";

--
-- Name: products_id_seq; Type: SEQUENCE OWNED BY; Schema: public; Owner: Robert Lee
--

ALTER SEQUENCE public.products_id_seq OWNED BY public.products.id;


--
-- Name: reviews; Type: TABLE; Schema: public; Owner: Robert Lee; Tablespace: 
--

CREATE TABLE public.reviews (
    id bigint NOT NULL,
    author character varying,
    content_body character varying,
    rating integer,
    created_at timestamp without time zone NOT NULL,
    updated_at timestamp without time zone NOT NULL,
    product_id integer
);


ALTER TABLE public.reviews OWNER TO "Robert Lee";

--
-- Name: reviews_id_seq; Type: SEQUENCE; Schema: public; Owner: Robert Lee
--

CREATE SEQUENCE public.reviews_id_seq
    START WITH 1
    INCREMENT BY 1
    NO MINVALUE
    NO MAXVALUE
    CACHE 1;


ALTER TABLE public.reviews_id_seq OWNER TO "Robert Lee";

--
-- Name: reviews_id_seq; Type: SEQUENCE OWNED BY; Schema: public; Owner: Robert Lee
--

ALTER SEQUENCE public.reviews_id_seq OWNED BY public.reviews.id;


--
-- Name: reviews_product_ids; Type: TABLE; Schema: public; Owner: Robert Lee; Tablespace: 
--

CREATE TABLE public.reviews_product_ids (
    id bigint NOT NULL
);


ALTER TABLE public.reviews_product_ids OWNER TO "Robert Lee";

--
-- Name: reviews_product_ids_id_seq; Type: SEQUENCE; Schema: public; Owner: Robert Lee
--

CREATE SEQUENCE public.reviews_product_ids_id_seq
    START WITH 1
    INCREMENT BY 1
    NO MINVALUE
    NO MAXVALUE
    CACHE 1;


ALTER TABLE public.reviews_product_ids_id_seq OWNER TO "Robert Lee";

--
-- Name: reviews_product_ids_id_seq; Type: SEQUENCE OWNED BY; Schema: public; Owner: Robert Lee
--

ALTER SEQUENCE public.reviews_product_ids_id_seq OWNED BY public.reviews_product_ids.id;


--
-- Name: schema_migrations; Type: TABLE; Schema: public; Owner: Robert Lee; Tablespace: 
--

CREATE TABLE public.schema_migrations (
    version character varying NOT NULL
);


ALTER TABLE public.schema_migrations OWNER TO "Robert Lee";

--
-- Name: id; Type: DEFAULT; Schema: public; Owner: Robert Lee
--

ALTER TABLE ONLY public.products ALTER COLUMN id SET DEFAULT nextval('public.products_id_seq'::regclass);


--
-- Name: id; Type: DEFAULT; Schema: public; Owner: Robert Lee
--

ALTER TABLE ONLY public.reviews ALTER COLUMN id SET DEFAULT nextval('public.reviews_id_seq'::regclass);


--
-- Name: id; Type: DEFAULT; Schema: public; Owner: Robert Lee
--

ALTER TABLE ONLY public.reviews_product_ids ALTER COLUMN id SET DEFAULT nextval('public.reviews_product_ids_id_seq'::regclass);


--
-- Data for Name: ar_internal_metadata; Type: TABLE DATA; Schema: public; Owner: Robert Lee
--

COPY public.ar_internal_metadata (key, value, created_at, updated_at) FROM stdin;
environment	development	2018-12-14 23:12:01.066604	2018-12-14 23:12:01.066604
\.


--
-- Data for Name: products; Type: TABLE DATA; Schema: public; Owner: Robert Lee
--

COPY public.products (id, name, cost, origin, created_at, updated_at) FROM stdin;
1	Caprese Salad	85.379999999999995	Central African Republic	2018-12-14 23:12:02.738021	2018-12-14 23:12:02.738021
2	Tiramisù	4.25	Liechtenstein	2018-12-14 23:12:02.742012	2018-12-14 23:12:02.742012
3	Scotch Eggs	27.079999999999998	Cyprus	2018-12-14 23:12:02.745005	2018-12-14 23:12:02.745005
4	Souvlaki	97.620000000000005	Estonia	2018-12-14 23:12:02.747997	2018-12-14 23:12:02.747997
5	Souvlaki	87.650000000000006	French Southern Territories	2018-12-14 23:12:02.750989	2018-12-14 23:12:02.750989
6	Linguine with Clams	33.060000000000002	Fiji	2018-12-14 23:12:02.754978	2018-12-14 23:12:02.754978
7	Chicken Wings	97.519999999999996	Iraq	2018-12-14 23:12:02.756972	2018-12-14 23:12:02.756972
8	Salmon Nigiri	8.6799999999999997	Zimbabwe	2018-12-14 23:12:02.759963	2018-12-14 23:12:02.759963
9	Pork Sausage Roll	97.109999999999999	Mozambique	2018-12-14 23:12:02.762955	2018-12-14 23:12:02.762955
10	Risotto with Seafood	53.560000000000002	Panama	2018-12-14 23:12:02.765986	2018-12-14 23:12:02.765986
11	Meatballs with Sauce	36.119999999999997	Equatorial Guinea	2018-12-14 23:12:02.769937	2018-12-14 23:12:02.769937
12	Pasta with Tomato and Basil	64.519999999999996	Togo	2018-12-14 23:12:02.772928	2018-12-14 23:12:02.772928
13	Tiramisù	1.99	Namibia	2018-12-14 23:12:02.775922	2018-12-14 23:12:02.775922
14	Teriyaki Chicken Donburi	77.849999999999994	Romania	2018-12-14 23:12:02.777915	2018-12-14 23:12:02.777915
15	Lasagne	17.18	Rwanda	2018-12-14 23:12:02.780909	2018-12-14 23:12:02.780909
16	Bruschette with Tomato	44.049999999999997	Bulgaria	2018-12-14 23:12:02.784896	2018-12-14 23:12:02.784896
17	Caprese Salad	59.049999999999997	Niue	2018-12-14 23:12:02.787888	2018-12-14 23:12:02.787888
18	Fettuccine Alfredo	4.9400000000000004	Malta	2018-12-14 23:12:02.790882	2018-12-14 23:12:02.790882
19	Pork Sausage Roll	0.059999999999999998	Tonga	2018-12-14 23:12:02.793874	2018-12-14 23:12:02.793874
20	Fettuccine Alfredo	44.579999999999998	Mauritania	2018-12-14 23:12:02.796866	2018-12-14 23:12:02.796866
21	Tiramisù	86.980000000000004	Rwanda	2018-12-14 23:12:02.799857	2018-12-14 23:12:02.799857
22	Pork Sausage Roll	51.770000000000003	Marshall Islands	2018-12-14 23:12:02.80285	2018-12-14 23:12:02.80285
23	Linguine with Clams	45.299999999999997	Sierra Leone	2018-12-14 23:12:02.805842	2018-12-14 23:12:02.805842
24	Pasta with Tomato and Basil	4.6600000000000001	Zambia	2018-12-14 23:12:02.808834	2018-12-14 23:12:02.808834
25	Caprese Salad	7.6900000000000004	Kenya	2018-12-14 23:12:02.811823	2018-12-14 23:12:02.811823
26	Ebiten maki	64.450000000000003	Estonia	2018-12-14 23:12:02.814817	2018-12-14 23:12:02.814817
27	Tiramisù	36.969999999999999	Wallis and Futuna Islands	2018-12-14 23:12:02.817747	2018-12-14 23:12:02.817747
28	Pasta with Tomato and Basil	95.189999999999998	Saint Kitts and Nevis	2018-12-14 23:12:02.819703	2018-12-14 23:12:02.819703
29	Caesar Salad	87.469999999999999	Ukraine	2018-12-14 23:12:02.822694	2018-12-14 23:12:02.822694
30	Ricotta Stuffed Ravioli	3.21	Mayotte	2018-12-14 23:12:02.825688	2018-12-14 23:12:02.825688
31	Pasta with Tomato and Basil	68.450000000000003	French Southern Territories	2018-12-14 23:12:02.827681	2018-12-14 23:12:02.827681
32	Bruschette with Tomato	58.600000000000001	Saint Kitts and Nevis	2018-12-14 23:12:02.830711	2018-12-14 23:12:02.830711
33	Meatballs with Sauce	92.150000000000006	Malta	2018-12-14 23:12:02.833665	2018-12-14 23:12:02.833665
34	Katsu Curry	89.060000000000002	Gabon	2018-12-14 23:12:02.836658	2018-12-14 23:12:02.836658
35	Teriyaki Chicken Donburi	15.84	Dominica	2018-12-14 23:12:02.839671	2018-12-14 23:12:02.839671
36	Pasta Carbonara	77.549999999999997	Gibraltar	2018-12-14 23:12:02.842642	2018-12-14 23:12:02.842642
37	French Fries with Sausages	40.289999999999999	Cayman Islands	2018-12-14 23:12:02.844637	2018-12-14 23:12:02.844637
38	Pizza	60.700000000000003	Uganda	2018-12-14 23:12:02.847629	2018-12-14 23:12:02.847629
39	Salmon Nigiri	42.100000000000001	New Zealand	2018-12-14 23:12:02.850622	2018-12-14 23:12:02.850622
40	Mushroom Risotto	8.3900000000000006	Anguilla	2018-12-14 23:12:02.852614	2018-12-14 23:12:02.852614
41	Caesar Salad	90.370000000000005	Uganda	2018-12-14 23:12:02.855647	2018-12-14 23:12:02.855647
42	Caprese Salad	9.3200000000000003	Cook Islands	2018-12-14 23:12:02.858867	2018-12-14 23:12:02.858867
43	Salmon Nigiri	88.640000000000001	Angola	2018-12-14 23:12:02.86052	2018-12-14 23:12:02.86052
44	Barbecue Ribs	43.119999999999997	Tajikistan	2018-12-14 23:12:02.863095	2018-12-14 23:12:02.863095
45	Caesar Salad	47.009999999999998	Swaziland	2018-12-14 23:12:02.866125	2018-12-14 23:12:02.866125
46	Pizza	7.3399999999999999	Virgin Islands (British)	2018-12-14 23:12:02.869078	2018-12-14 23:12:02.869078
47	Pasta and Beans	3.3399999999999999	Aruba	2018-12-14 23:12:02.871074	2018-12-14 23:12:02.871074
48	Tiramisù	45.490000000000002	Madagascar	2018-12-14 23:12:02.874103	2018-12-14 23:12:02.874103
49	Vegetable Soup	87.049999999999997	Yemen	2018-12-14 23:12:02.877057	2018-12-14 23:12:02.877057
50	Chilli con Carne	85.760000000000005	Equatorial Guinea	2018-12-14 23:12:02.879052	2018-12-14 23:12:02.879052
51	Pigeon Soup	33	Canada	2018-12-15 00:10:58.156044	2018-12-15 00:10:58.156044
\.


--
-- Name: products_id_seq; Type: SEQUENCE SET; Schema: public; Owner: Robert Lee
--

SELECT pg_catalog.setval('public.products_id_seq', 51, true);


--
-- Data for Name: reviews; Type: TABLE DATA; Schema: public; Owner: Robert Lee
--

COPY public.reviews (id, author, content_body, rating, created_at, updated_at, product_id) FROM stdin;
1	Sammie Dooley	Paulatim suspendo calcar. Accipio cotidie cuius.	3	2018-12-14 23:12:02.903512	2018-12-14 23:12:02.903512	43
2	Mariela MacGyver III	Coniecto thymum repudiandae. Cuius aeger defetiscor.	3	2018-12-14 23:12:02.909171	2018-12-14 23:12:02.909171	41
3	Columbus Brown	In nisi terebro. Voluptatum arma aufero.	2	2018-12-14 23:12:02.913163	2018-12-14 23:12:02.913163	12
4	Winford Senger	Ipsa accusator demitto. Valeo culpa nihil.	2	2018-12-14 23:12:02.917355	2018-12-14 23:12:02.917355	20
5	Porsche Gislason	Vinitor termes tredecim. Tamen ut voco.	3	2018-12-14 23:12:02.921344	2018-12-14 23:12:02.921344	9
6	Laurence Nienow DDS	Ut suffragium qui. Succurro usque ascit.	3	2018-12-14 23:12:02.925333	2018-12-14 23:12:02.925333	17
7	Harrison Legros	Alias copiose sulum. Aut viduata censura.	5	2018-12-14 23:12:02.929321	2018-12-14 23:12:02.929321	48
8	Lorena Bernier	Dicta abduco cinis. Sub aranea desidero.	2	2018-12-14 23:12:02.93331	2018-12-14 23:12:02.93331	46
9	Micaela Ziemann	Candidus vulticulus ulciscor. Convoco caste capitulus.	1	2018-12-14 23:12:02.9373	2018-12-14 23:12:02.9373	44
10	Riley Schimmel	Ver despirmatio taceo. Et dolores itaque.	1	2018-12-14 23:12:02.94129	2018-12-14 23:12:02.94129	11
11	Johnny Hauck	Strenuus aegrus occaecati. Aestas cumque vetus.	2	2018-12-14 23:12:02.945196	2018-12-14 23:12:02.945196	19
12	Dalia Mraz	Concedo ventosus utpote. Bellicus solutio cupressus.	5	2018-12-14 23:12:02.949184	2018-12-14 23:12:02.949184	26
13	Jonah Anderson	Spargo aranea capto. Admoneo auctus deinde.	1	2018-12-14 23:12:02.953174	2018-12-14 23:12:02.953174	37
14	Lemuel Cole	Compono cunae antepono. Caritas nisi voluptas.	2	2018-12-14 23:12:02.957437	2018-12-14 23:12:02.957437	46
15	Vincent Donnelly I	Abscido trucido vulnus. Quis ut temeritas.	1	2018-12-14 23:12:02.961389	2018-12-14 23:12:02.961389	34
16	Mr. Reanna Lueilwitz	Sortitus colligo clibanus. Suppellex vereor adamo.	2	2018-12-14 23:12:02.965339	2018-12-14 23:12:02.965339	23
17	Theo Walter	Aspicio sed modi. Odit statim solvo.	2	2018-12-14 23:12:02.969528	2018-12-14 23:12:02.969528	18
18	Edmund Rutherford	Aestivus voveo optio. Cito tamen suus.	3	2018-12-14 23:12:02.973516	2018-12-14 23:12:02.973516	38
19	Will Reichel	Sopor doloribus exercitationem. Cursim aliquid verto.	1	2018-12-14 23:12:02.977535	2018-12-14 23:12:02.977535	7
20	Jeffrey Lockman Sr.	Quasi voluptas deleo. Utique beneficium clementia.	5	2018-12-14 23:12:02.981486	2018-12-14 23:12:02.981486	37
21	Carrol Lebsack	Defleo minus conqueror. Arcesso creber est.	2	2018-12-14 23:12:02.985475	2018-12-14 23:12:02.985475	44
22	Sabine Schuster Jr.	Canonicus claro acidus. Tondeo omnis vomer.	3	2018-12-14 23:12:02.98981	2018-12-14 23:12:02.98981	39
23	Clarissa Fritsch	Adsuesco dolorem commemoro. Synagoga bestia aut.	3	2018-12-14 23:12:02.993761	2018-12-14 23:12:02.993761	49
24	Wilber Anderson	Velit explicabo amicitia. Curriculum conspergo dedico.	2	2018-12-14 23:12:02.99775	2018-12-14 23:12:02.99775	6
25	Jeanne Bergstrom	Arceo et culpa. Absconditus tabula astrum.	3	2018-12-14 23:12:03.002777	2018-12-14 23:12:03.002777	49
26	Theodora Goyette I	Antiquus cetera comprehendo. Veniam velum vado.	1	2018-12-14 23:12:03.006727	2018-12-14 23:12:03.006727	31
27	Aisha Mayer	Degero sponte animus. Communis thesaurus tergiversatio.	3	2018-12-14 23:12:03.010716	2018-12-14 23:12:03.010716	33
28	Wanetta VonRueden II	Audax cupiditate abduco. Earum comparo accedo.	5	2018-12-14 23:12:03.014743	2018-12-14 23:12:03.014743	29
29	Clarine Spencer V	Sequi apto suadeo. Aureus adhuc crudelis.	2	2018-12-14 23:12:03.02175	2018-12-14 23:12:03.02175	33
30	Sanford Cronin	Versus adfectus desipio. Solitudo minima taceo.	4	2018-12-14 23:12:03.026674	2018-12-14 23:12:03.026674	19
31	Dewayne Koch	Tricesimus demoror cruentus. Spiculum absorbeo depono.	4	2018-12-14 23:12:03.030663	2018-12-14 23:12:03.030663	49
32	Mr. Tracy Cruickshank	Turba ver aestas. Aegrotatio abscido admitto.	1	2018-12-14 23:12:03.034651	2018-12-14 23:12:03.034651	31
33	Ellsworth Runolfsson	Animus possimus tres. Cariosus copia stips.	1	2018-12-14 23:12:03.038703	2018-12-14 23:12:03.038703	28
34	Ms. Bernardo Wiegand	Itaque vomer centum. Conservo cruentus varietas.	5	2018-12-14 23:12:03.042693	2018-12-14 23:12:03.042693	50
35	Mickie Kunde	Iure strues benevolentia. Caste verbera vado.	5	2018-12-14 23:12:03.046681	2018-12-14 23:12:03.046681	33
36	Ike Bauch	Vesica aspicio sumo. Ipsa terreo carcer.	1	2018-12-14 23:12:03.05067	2018-12-14 23:12:03.05067	9
37	Bari Medhurst IV	Doloremque sit thymum. Vito sunt pariatur.	4	2018-12-14 23:12:03.054661	2018-12-14 23:12:03.054661	17
38	Mr. Chuck Fisher	Alius alii tot. Cogito adnuo sto.	1	2018-12-14 23:12:03.058649	2018-12-14 23:12:03.058649	5
39	Graham Ernser IV	Pecto aiunt est. Anser delectus cresco.	1	2018-12-14 23:12:03.062408	2018-12-14 23:12:03.062408	7
40	Brendan Watsica	Distinctio decerno tripudio. Aer suscipio colligo.	3	2018-12-14 23:12:03.066532	2018-12-14 23:12:03.066532	6
41	Woodrow Kreiger	Coepi acquiro non. Arceo acer ter.	3	2018-12-14 23:12:03.07056	2018-12-14 23:12:03.07056	44
42	Patience Harris	Crustulum uberrime ullam. Vulpes cometes tero.	2	2018-12-14 23:12:03.074512	2018-12-14 23:12:03.074512	49
43	Eddie Glover	Aurum sum defetiscor. Demens tergeo subito.	3	2018-12-14 23:12:03.0785	2018-12-14 23:12:03.0785	21
44	Lon Murray	Delectatio quia asporto. Valde deficio custodia.	1	2018-12-14 23:12:03.08249	2018-12-14 23:12:03.08249	7
45	Shon Walter	Solus culpa voluptatibus. Alias curis benevolentia.	5	2018-12-14 23:12:03.08648	2018-12-14 23:12:03.08648	36
46	Suzanne Quigley	Unus bestia asper. Capio universe armo.	4	2018-12-14 23:12:03.090467	2018-12-14 23:12:03.090467	2
47	Jan Fisher	Venustas tunc solitudo. Laudantium acerbitas desino.	1	2018-12-14 23:12:03.094626	2018-12-14 23:12:03.094626	39
48	Fermin Rodriguez	Ciminatio et contra. Ait ater brevis.	3	2018-12-14 23:12:03.098431	2018-12-14 23:12:03.098431	26
49	Ricarda Boyle	Audax subito vis. Super adipisci umquam.	2	2018-12-14 23:12:03.102502	2018-12-14 23:12:03.102502	36
50	Mrs. Danial Gleichner	Conqueror debeo culpa. Tactus avarus ventosus.	3	2018-12-14 23:12:03.106589	2018-12-14 23:12:03.106589	25
51	Quinn Herzog	Constans cubicularis sit. Acerbitas vesco sumo.	1	2018-12-14 23:12:03.11058	2018-12-14 23:12:03.11058	17
52	Gaylord Barton	Creo suscipit quibusdam. Velut cernuus iure.	3	2018-12-14 23:12:03.114572	2018-12-14 23:12:03.114572	6
53	Garry Jacobi	Et infit considero. Voluptatibus uberrime tergum.	5	2018-12-14 23:12:03.118559	2018-12-14 23:12:03.118559	43
54	Jonathan Davis Sr.	Virga adopto vespillo. Eos autus consequatur.	3	2018-12-14 23:12:03.122548	2018-12-14 23:12:03.122548	26
55	Kirby Collins PhD	Amitto amita strues. Tepidus adsidue reiciendis.	2	2018-12-14 23:12:03.126538	2018-12-14 23:12:03.126538	15
56	Mrs. Chris Vandervort	Et demum cui. Beatus sufficio laboriosam.	5	2018-12-14 23:12:03.130528	2018-12-14 23:12:03.130528	26
57	Miss Jesusita Rippin	Clementia cohaero depulso. Vapulus custodia sponte.	4	2018-12-14 23:12:03.134518	2018-12-14 23:12:03.134518	17
58	Leonardo Buckridge	Creta usus demitto. Voluptatum capitulus utpote.	4	2018-12-14 23:12:03.13903	2018-12-14 23:12:03.13903	30
59	Lu Bailey	Administratio comis cito. Cotidie canonicus casus.	4	2018-12-14 23:12:03.143057	2018-12-14 23:12:03.143057	27
60	Ms. Kathline Walker	Utor arbitro demonstro. Termes suscipit volaticus.	5	2018-12-14 23:12:03.147009	2018-12-14 23:12:03.147009	8
61	Tillie Nicolas IV	Delectus subseco conventus. Virgo verecundia suffragium.	5	2018-12-14 23:12:03.151036	2018-12-14 23:12:03.151036	30
62	Mrs. Desmond Dietrich	Succurro conor coma. Antepono voluptatem caput.	4	2018-12-14 23:12:03.154914	2018-12-14 23:12:03.154914	32
63	Parker Kovacek	Et virgo civis. Comminor cubicularis officiis.	4	2018-12-14 23:12:03.158907	2018-12-14 23:12:03.158907	28
64	Britt Volkman	Paulatim suffoco voluntarius. Cauda enim celo.	5	2018-12-14 23:12:03.164891	2018-12-14 23:12:03.164891	26
65	Shelba Oberbrunner	Teres consequuntur cohaero. Supellex despecto provident.	2	2018-12-14 23:12:03.168711	2018-12-14 23:12:03.168711	39
66	Agnes Kuhic I	Tandem testimonium vitiosus. Ultra verecundia averto.	4	2018-12-14 23:12:03.172885	2018-12-14 23:12:03.172885	31
67	Vincent Schinner	Reiciendis qui autem. Quae cubicularis et.	1	2018-12-14 23:12:03.176874	2018-12-14 23:12:03.176874	15
68	Miss Angelique Stokes	Qui tenax tam. Despecto laborum aequus.	3	2018-12-14 23:12:03.180864	2018-12-14 23:12:03.180864	10
69	Rodolfo Zulauf	Somniculosus voluptas vix. Aut voluptatem vilicus.	2	2018-12-14 23:12:03.184853	2018-12-14 23:12:03.184853	35
70	Maurice Kertzmann	Arca compello cimentarius. Arto statim verbum.	1	2018-12-14 23:12:03.18888	2018-12-14 23:12:03.18888	15
71	Mr. Andrea Goyette	Aut credo natus. Totidem cupiditas bestia.	4	2018-12-14 23:12:03.192588	2018-12-14 23:12:03.192588	6
72	Ellis O'Connell	Strenuus tametsi ago. Arguo desipio via.	1	2018-12-14 23:12:03.196581	2018-12-14 23:12:03.196581	24
73	Ellis Graham IV	Sollicito tabernus aut. Auctus qui animus.	2	2018-12-14 23:12:03.20057	2018-12-14 23:12:03.20057	31
74	Kathaleen Skiles V	Spes tergeo sunt. Cribro tamisium appositus.	5	2018-12-14 23:12:03.204559	2018-12-14 23:12:03.204559	2
75	Darron Donnelly	Sortitus vitiosus delinquo. Absens casso vulnero.	1	2018-12-14 23:12:03.208871	2018-12-14 23:12:03.208871	9
76	Chloe Walker	Cursim caritas defetiscor. Spiculum alo sonitus.	5	2018-12-14 23:12:03.212867	2018-12-14 23:12:03.212867	26
77	Thomas Hilpert	Amet sit usque. Incidunt sint magni.	5	2018-12-14 23:12:03.216812	2018-12-14 23:12:03.216812	23
78	Dr. Oliver Greenfelder	Molestiae voluptates administratio. Delicate tenuis voluptates.	3	2018-12-14 23:12:03.220802	2018-12-14 23:12:03.220802	15
79	Lorraine Koepp DDS	Cunctatio cogito volva. Voluptas villa alii.	3	2018-12-14 23:12:03.224791	2018-12-14 23:12:03.224791	25
80	Ms. Marion Roberts	Cetera vere curto. Deputo voro voluptatum.	3	2018-12-14 23:12:03.22878	2018-12-14 23:12:03.22878	47
81	Denae Medhurst	Tergo uterque vita. Spiritus ascit beatae.	2	2018-12-14 23:12:03.232772	2018-12-14 23:12:03.232772	50
82	Fredric Harvey III	Vulgaris turpis tribuo. Abstergo sortitus curtus.	5	2018-12-14 23:12:03.236759	2018-12-14 23:12:03.236759	12
83	Filiberto Labadie MD	Nihil antepono qui. Porro terminatio adaugeo.	3	2018-12-14 23:12:03.240748	2018-12-14 23:12:03.240748	5
84	Kelley Adams	Voro arto curvus. Decens commemoro aggredior.	2	2018-12-14 23:12:03.244736	2018-12-14 23:12:03.244736	45
85	Francis Welch	Conatus temeritas accedo. Temeritas depereo civis.	3	2018-12-14 23:12:03.24876	2018-12-14 23:12:03.24876	35
86	Andreas Schimmel Sr.	Consuasor delibero vesper. Capillus tego curtus.	5	2018-12-14 23:12:03.252749	2018-12-14 23:12:03.252749	43
87	Daria Considine	Aestivus voluptate titulus. Cui acies turpe.	3	2018-12-14 23:12:03.256739	2018-12-14 23:12:03.256739	9
88	Dr. Ray Cronin	Ea spiritus debilito. Solus consuasor caelestis.	3	2018-12-14 23:12:03.260728	2018-12-14 23:12:03.260728	7
89	Sebastian Davis	Desparatus in cursus. Vigilo adfectus territo.	2	2018-12-14 23:12:03.264719	2018-12-14 23:12:03.264719	12
90	Darwin Kuhlman	Conduco succurro vulpes. Impedit celer terga.	4	2018-12-14 23:12:03.268757	2018-12-14 23:12:03.268757	40
91	Miss Corrin Herman	Subnecto dignissimos volaticus. Assumenda bellicus quidem.	1	2018-12-14 23:12:03.272784	2018-12-14 23:12:03.272784	26
92	Jeromy Crist	Solum deficio clamo. Dolore capitulus asper.	5	2018-12-14 23:12:03.276647	2018-12-14 23:12:03.276647	20
93	Oliver Gibson	Via vicinus curso. Ad utpote soluta.	4	2018-12-14 23:12:03.280658	2018-12-14 23:12:03.280658	25
94	Mr. Vinnie Nicolas	Cinis tricesimus soleo. Venia utrum vallum.	2	2018-12-14 23:12:03.284647	2018-12-14 23:12:03.284647	15
95	Mason Dare	Stips vero et. Dapifer ancilla pauci.	5	2018-12-14 23:12:03.288476	2018-12-14 23:12:03.288476	21
96	Mrs. Palmer Wilderman	Amita tendo crepusculum. Arca sit torqueo.	3	2018-12-14 23:12:03.292445	2018-12-14 23:12:03.292445	49
97	Desiree Brakus	Ocer vomica unde. Sequi commodo depraedor.	5	2018-12-14 23:12:03.296437	2018-12-14 23:12:03.296437	39
98	Chi Prohaska	Unde universe spoliatio. Villa creo et.	5	2018-12-14 23:12:03.300426	2018-12-14 23:12:03.300426	9
99	Herman Roberts V	Cultura corrupti vester. Conculco supellex creator.	1	2018-12-14 23:12:03.304416	2018-12-14 23:12:03.304416	24
100	Johnnie Considine	Confugo denique iste. Voluptatem pax admitto.	4	2018-12-14 23:12:03.308406	2018-12-14 23:12:03.308406	13
101	Mr. Jarrett Fritsch	Unus decimus uberrime. Velum totus possimus.	4	2018-12-14 23:12:03.312394	2018-12-14 23:12:03.312394	43
102	Janina Kutch	Magnam non velit. Occaecati catena accusamus.	1	2018-12-14 23:12:03.316774	2018-12-14 23:12:03.316774	16
103	Mrs. Lizette Boehm	Adulatio vetus curso. Adduco velociter vacuus.	3	2018-12-14 23:12:03.320765	2018-12-14 23:12:03.320765	39
104	Kam Veum	Bis voveo tepidus. Constans amissio corporis.	5	2018-12-14 23:12:03.32462	2018-12-14 23:12:03.32462	25
105	Jeanett Roob	Aperio blanditiis depopulo. Abstergo ante ademptio.	4	2018-12-14 23:12:03.32861	2018-12-14 23:12:03.32861	17
106	Jesus Ebert II	Decet voco vomito. Accipio voluptas patruus.	3	2018-12-14 23:12:03.332599	2018-12-14 23:12:03.332599	20
107	Carylon Thompson II	Vix sit taceo. Aut nam eveniet.	1	2018-12-14 23:12:03.336588	2018-12-14 23:12:03.336588	7
108	Merrilee Schaefer	Amoveo sophismata temperantia. Deinde officia et.	4	2018-12-14 23:12:03.340615	2018-12-14 23:12:03.340615	22
109	Mi Kovacek	Cogito vos demens. Turpis defluo stipes.	5	2018-12-14 23:12:03.345293	2018-12-14 23:12:03.345293	20
110	Florencia McGlynn	Clibanus copia conventus. Ullus sed certo.	4	2018-12-14 23:12:03.34934	2018-12-14 23:12:03.34934	9
111	Mrs. Bud Orn	Apparatus defluo textor. Decumbo aestivus vulgus.	1	2018-12-14 23:12:03.353369	2018-12-14 23:12:03.353369	2
112	Ms. Lana Orn	Creta tergiversatio bardus. Aro ultra dolorum.	1	2018-12-14 23:12:03.358085	2018-12-14 23:12:03.358085	11
113	Dacia Paucek	Adflicto voluptatem cornu. Communis ademptio bellum.	4	2018-12-14 23:12:03.362074	2018-12-14 23:12:03.362074	1
114	Rema Schumm	Confero ustulo caveo. Defungo appono compono.	3	2018-12-14 23:12:03.366064	2018-12-14 23:12:03.366064	47
115	Derek Greenfelder	Sint depono cubo. Corporis vilicus desipio.	5	2018-12-14 23:12:03.371423	2018-12-14 23:12:03.371423	10
116	Clelia Cole Sr.	Verbum deludo abstergo. Nulla celer canto.	3	2018-12-14 23:12:03.375413	2018-12-14 23:12:03.375413	2
117	Sang Treutel	Debeo cribro arca. Dedico demitto vergo.	5	2018-12-14 23:12:03.379467	2018-12-14 23:12:03.379467	43
118	Geraldo Lowe	Commodi totam antea. Charisma aranea porro.	4	2018-12-14 23:12:03.383456	2018-12-14 23:12:03.383456	50
119	Zane Lubowitz	Statim avarus dolorum. Non pecunia carcer.	5	2018-12-14 23:12:03.388156	2018-12-14 23:12:03.388156	32
120	Val Kohler	Collum tibi molestiae. Titulus denuncio torqueo.	4	2018-12-14 23:12:03.392146	2018-12-14 23:12:03.392146	4
121	Isiah Pollich	Doloremque traho auxilium. Vultuosus valens aut.	4	2018-12-14 23:12:03.396136	2018-12-14 23:12:03.396136	23
122	Roberto Ward	Pel subseco atque. Defessus depromo sustineo.	2	2018-12-14 23:12:03.401121	2018-12-14 23:12:03.401121	3
123	Stewart Kuhlman	Aureus inventore error. Thymum consequatur aegre.	4	2018-12-14 23:12:03.405153	2018-12-14 23:12:03.405153	28
124	Ned Nikolaus	Amoveo defluo toties. Cunctatio dedico defluo.	5	2018-12-14 23:12:03.410135	2018-12-14 23:12:03.410135	12
125	Evan Kub Jr.	Et sponte validus. Agnitio exercitationem despecto.	5	2018-12-14 23:12:03.414087	2018-12-14 23:12:03.414087	46
126	Barbar Sanford	Tergo adeptio curto. Adeptio aptus alveus.	1	2018-12-14 23:12:03.418115	2018-12-14 23:12:03.418115	47
127	Dante Reichert	Vergo absconditus eos. Clarus aggredior abstergo.	3	2018-12-14 23:12:03.422537	2018-12-14 23:12:03.422537	6
128	Nicolas Parker	Via aequitas blandior. Viscus amissio est.	2	2018-12-14 23:12:03.426525	2018-12-14 23:12:03.426525	47
129	Mireya Miller	Dolores vitae vultuosus. Sed cariosus cado.	3	2018-12-14 23:12:03.430554	2018-12-14 23:12:03.430554	21
130	Miss Von Howe	Inventore depraedor somniculosus. Vulgus crebro conturbo.	4	2018-12-14 23:12:03.43554	2018-12-14 23:12:03.43554	28
131	Humberto Schimmel I	Administratio adeo uterque. Vulpes tenetur cervus.	2	2018-12-14 23:12:03.439491	2018-12-14 23:12:03.439491	2
132	Mr. Jeremy Blanda	Consequatur enim bibo. Dicta tui peior.	1	2018-12-14 23:12:03.445279	2018-12-14 23:12:03.445279	28
133	Micah Spinka	Blandior amplitudo cunae. Via apto demoror.	2	2018-12-14 23:12:03.449268	2018-12-14 23:12:03.449268	4
134	Jeffry Schiller	Soluta accommodo arbor. Delibero aegrotatio ara.	2	2018-12-14 23:12:03.4538	2018-12-14 23:12:03.4538	27
135	Jacinda Brekke	Eum volo calamitas. Dolores qui aggero.	3	2018-12-14 23:12:03.457787	2018-12-14 23:12:03.457787	26
136	Robert Kuhlman	Nihil timidus concido. Strenuus tametsi cibus.	2	2018-12-14 23:12:03.461777	2018-12-14 23:12:03.461777	31
137	Mr. Jay Donnelly	Ascit aer amor. Suspendo tendo triduana.	1	2018-12-14 23:12:03.465768	2018-12-14 23:12:03.465768	22
138	Graham Jenkins	Absens dolorem color. Censura maiores qui.	2	2018-12-14 23:12:03.470754	2018-12-14 23:12:03.470754	47
139	Mr. Elden O'Reilly	Socius nam conqueror. Vigor tergiversatio tabernus.	3	2018-12-14 23:12:03.474735	2018-12-14 23:12:03.474735	1
140	Jerrold Powlowski	Ademptio accommodo creta. Somniculosus amaritudo admitto.	5	2018-12-14 23:12:03.478723	2018-12-14 23:12:03.478723	6
141	Chadwick Sauer	Solitudo volup animi. Comis sint aegrus.	3	2018-12-14 23:12:03.482741	2018-12-14 23:12:03.482741	32
142	Ali Gleichner	Abscido adamo tersus. Spiritus defessus aut.	1	2018-12-14 23:12:03.4877	2018-12-14 23:12:03.4877	28
143	Nydia Herzog	Cultellus uter clementia. Vicissitudo angelus aequus.	5	2018-12-14 23:12:03.493684	2018-12-14 23:12:03.493684	25
144	Ming Torphy	Taedium demum ut. Inventore quisquam dicta.	1	2018-12-14 23:12:03.497729	2018-12-14 23:12:03.497729	15
145	Joeann Greenfelder	Aduro provident defendo. Stabilis comburo qui.	4	2018-12-14 23:12:03.502698	2018-12-14 23:12:03.502698	15
146	Russel Sipes	Et curo velit. Quia coniecto careo.	4	2018-12-14 23:12:03.506572	2018-12-14 23:12:03.506572	43
147	Tracey Tillman	Sulum adficio appositus. Depraedor tabella defungo.	5	2018-12-14 23:12:03.510564	2018-12-14 23:12:03.510564	23
148	Diego White	Trado creber uredo. Comminor supra dens.	1	2018-12-14 23:12:03.514553	2018-12-14 23:12:03.514553	34
149	Dr. Reinaldo Gulgowski	Triginta summisse theologus. Est confero crebro.	5	2018-12-14 23:12:03.519541	2018-12-14 23:12:03.519541	8
150	Monet Pfannerstill V	Quo arma aut. Tolero ducimus templum.	3	2018-12-14 23:12:03.523529	2018-12-14 23:12:03.523529	19
151	Brandon Howe	Approbo ut vulnero. Comedo clibanus conatus.	4	2018-12-14 23:12:03.527354	2018-12-14 23:12:03.527354	42
152	Bulah Kohler	Coruscus cohaero vergo. Adeo absorbeo in.	1	2018-12-14 23:12:03.531343	2018-12-14 23:12:03.531343	2
153	Miss Rosario Stoltenberg	Traho civitas voluptatem. Soleo suscipit crudelis.	5	2018-12-14 23:12:03.535333	2018-12-14 23:12:03.535333	41
154	Glen Kulas	Non cotidie tabernus. Inflammatio appello torqueo.	5	2018-12-14 23:12:03.54032	2018-12-14 23:12:03.54032	8
155	Dr. Kevin Ward	Tonsor usque depulso. Acervus sui stips.	3	2018-12-14 23:12:03.544347	2018-12-14 23:12:03.544347	4
156	Lawrence Wyman	Ubi mollitia degusto. Sulum valetudo decretum.	4	2018-12-14 23:12:03.548297	2018-12-14 23:12:03.548297	29
157	Miles Schaefer	Cimentarius beatae recusandae. Adhuc talis tum.	1	2018-12-14 23:12:03.552325	2018-12-14 23:12:03.552325	27
158	Solomon Olson III	Catena quas et. Tenus averto volutabrum.	2	2018-12-14 23:12:03.556277	2018-12-14 23:12:03.556277	49
159	Bernard Walter	Capto enim vaco. Aliquid caterva congregatio.	5	2018-12-14 23:12:03.561301	2018-12-14 23:12:03.561301	45
160	Evie Emmerich IV	Ut non caelestis. Ducimus depereo auditor.	4	2018-12-14 23:12:03.565253	2018-12-14 23:12:03.565253	25
161	Lindsay McCullough	Vetus culpa valeo. Neque antea vilitas.	1	2018-12-14 23:12:03.570277	2018-12-14 23:12:03.570277	32
162	Jessika Harber	Quia communis ubi. Atrox comburo quas.	1	2018-12-14 23:12:03.574267	2018-12-14 23:12:03.574267	11
163	Melba Harber	Casus tristis cultellus. Aut cupio qui.	4	2018-12-14 23:12:03.57826	2018-12-14 23:12:03.57826	45
164	Latonia Hane	Auctus vomito delinquo. Communis voluptas suasoria.	4	2018-12-14 23:12:03.582206	2018-12-14 23:12:03.582206	16
165	Angele Funk	Aegrus despecto rerum. Saepe ante rerum.	2	2018-12-14 23:12:03.586235	2018-12-14 23:12:03.586235	24
166	Jamie Kerluke	Speculum voluptatibus casus. Clam clamo spes.	2	2018-12-14 23:12:03.591222	2018-12-14 23:12:03.591222	20
167	Juli Hamill Jr.	Voluptates vereor depraedor. Caterva ut cibus.	2	2018-12-14 23:12:03.595172	2018-12-14 23:12:03.595172	28
168	Ivory Bergnaum	Commemoro velit corrigo. Cauda cruciamentum degero.	2	2018-12-14 23:12:03.599162	2018-12-14 23:12:03.599162	25
169	Abdul Auer	Denego teres omnis. Supellex cupio vilicus.	5	2018-12-14 23:12:03.604187	2018-12-14 23:12:03.604187	30
170	Mr. Laverne Olson	Sub vicissitudo amiculum. Dolores cubicularis sperno.	2	2018-12-14 23:12:03.608146	2018-12-14 23:12:03.608146	34
171	Hilton Wiza	Pecco vivo caritas. Amplexus maiores contra.	5	2018-12-14 23:12:03.612134	2018-12-14 23:12:03.612134	39
172	Zane Hills III	Ipsam advoco ab. Amor libero despecto.	3	2018-12-14 23:12:03.616125	2018-12-14 23:12:03.616125	28
173	Robert Ziemann	Animi absque illo. Tego acerbitas arcus.	4	2018-12-14 23:12:03.620151	2018-12-14 23:12:03.620151	11
174	Dr. Christian Spinka	Deduco tardus antepono. Decumbo socius annus.	4	2018-12-14 23:12:03.625101	2018-12-14 23:12:03.625101	32
175	Sanford Schaefer Sr.	Creator aveho dedecor. Usus concedo qui.	4	2018-12-14 23:12:03.629128	2018-12-14 23:12:03.629128	27
176	Mr. Maria Price	Cresco consequatur dolor. Assentator vinitor comburo.	2	2018-12-14 23:12:03.63312	2018-12-14 23:12:03.63312	13
177	Mika Ryan	Voluptatum aut officia. Subiungo apostolus laborum.	5	2018-12-14 23:12:03.637107	2018-12-14 23:12:03.637107	15
178	Lucius Miller	Audentia coaegresco vulgaris. Sit uter rerum.	5	2018-12-14 23:12:03.641098	2018-12-14 23:12:03.641098	23
179	Leora Conn	Patrocinor iusto audax. Esse aut vivo.	3	2018-12-14 23:12:03.646091	2018-12-14 23:12:03.646091	16
180	Vennie O'Keefe	Cernuus paens unde. Casus dens audio.	2	2018-12-14 23:12:03.650033	2018-12-14 23:12:03.650033	1
181	Kirby Moen III	Consectetur iure triduana. Sequi cimentarius abduco.	3	2018-12-14 23:12:03.654022	2018-12-14 23:12:03.654022	41
182	Maribel O'Conner	Cena tenetur quisquam. Velit ut trans.	5	2018-12-14 23:12:03.658012	2018-12-14 23:12:03.658012	23
183	Myrtie Johnston	Crebro avaritia tamen. Doloremque dolor tristis.	4	2018-12-14 23:12:03.663039	2018-12-14 23:12:03.663039	22
184	Maybelle O'Conner	Theca nihil animi. Copia vulpes id.	5	2018-12-14 23:12:03.666988	2018-12-14 23:12:03.666988	44
185	Scotty Kuvalis	Accedo audentia decipio. Conqueror conservo credo.	3	2018-12-14 23:12:03.670977	2018-12-14 23:12:03.670977	36
186	Dr. Ewa Brown	Tametsi doloremque voluptas. Defigo cimentarius vetus.	4	2018-12-14 23:12:03.675027	2018-12-14 23:12:03.675027	26
187	Magda Buckridge	Cicuta debeo vulnero. Colloco ventosus occaecati.	1	2018-12-14 23:12:03.680013	2018-12-14 23:12:03.680013	43
188	Shelby Yost	Ut auxilium utrimque. Labore iure aut.	4	2018-12-14 23:12:03.684005	2018-12-14 23:12:03.684005	12
189	Franchesca O'Kon	Cupiditate cresco quia. Unde sit patruus.	5	2018-12-14 23:12:03.687992	2018-12-14 23:12:03.687992	19
190	Weston Shanahan	Autem adflicto truculenter. Alienus adhaero vulnus.	5	2018-12-14 23:12:03.692978	2018-12-14 23:12:03.692978	8
191	Carmen Schinner	Umerus amplexus volup. Deserunt denuncio trans.	2	2018-12-14 23:12:03.697965	2018-12-14 23:12:03.697965	35
192	Azzie Considine	Cultura degenero spargo. Repellat vereor tutamen.	5	2018-12-14 23:12:03.701948	2018-12-14 23:12:03.701948	23
193	Ernesto Champlin	Vivo ad et. Vulpes paens tolero.	1	2018-12-14 23:12:03.706975	2018-12-14 23:12:03.706975	15
194	Joshua Hills	Sollicito abduco tenuis. Coaegresco ulciscor dolores.	4	2018-12-14 23:12:03.710963	2018-12-14 23:12:03.710963	35
195	Signe Price II	Ratione charisma veritas. Audeo tripudio culpa.	1	2018-12-14 23:12:03.714918	2018-12-14 23:12:03.714918	19
196	Cesar Howe	Eos optio curtus. Nostrum tonsor dolore.	4	2018-12-14 23:12:03.718905	2018-12-14 23:12:03.718905	26
197	Pamila Hermann	Ut dolore paulatim. Vorago approbo demitto.	5	2018-12-14 23:12:03.722894	2018-12-14 23:12:03.722894	15
198	Branda Beahan	Coerceo desipio pecunia. Labore viscus vulnus.	1	2018-12-14 23:12:03.726922	2018-12-14 23:12:03.726922	13
199	Mrs. Ira Hills	Architecto vos laborum. Ambulo tendo doloribus.	2	2018-12-14 23:12:03.730912	2018-12-14 23:12:03.730912	9
200	Bruno Murazik	Aurum casus ventito. Harum cognomen curvo.	5	2018-12-14 23:12:03.735862	2018-12-14 23:12:03.735862	32
201	Aide Lebsack	Pauci abbas verus. Capillus accedo custodia.	3	2018-12-14 23:12:03.740112	2018-12-14 23:12:03.740112	5
202	Carl Brakus	Rem virga trado. Acies crepusculum tres.	3	2018-12-14 23:12:03.744101	2018-12-14 23:12:03.744101	36
203	Miss Lani Hirthe	Tolero abbas cognomen. Varius aperte conatus.	4	2018-12-14 23:12:03.748092	2018-12-14 23:12:03.748092	5
204	Miss Bradford Emard	Dens absorbeo agnosco. Vehemens circumvenio debilito.	5	2018-12-14 23:12:03.753077	2018-12-14 23:12:03.753077	12
205	Gigi Dooley	Sustineo natus arbustum. Tracto temporibus bene.	4	2018-12-14 23:12:03.757066	2018-12-14 23:12:03.757066	25
206	Maire Nitzsche	Articulus confugo demulceo. Cervus titulus clamo.	5	2018-12-14 23:12:03.761056	2018-12-14 23:12:03.761056	13
207	Calista Volkman	Conatus congregatio volup. Angelus colligo demergo.	4	2018-12-14 23:12:03.765045	2018-12-14 23:12:03.765045	14
208	Rebecka Schmitt DDS	Doloremque statim ut. Sulum suus id.	2	2018-12-14 23:12:03.769376	2018-12-14 23:12:03.769376	16
209	Cammie Ziemann Sr.	Deleniti non itaque. Curvo sint deprimo.	1	2018-12-14 23:12:03.773365	2018-12-14 23:12:03.773365	35
210	Isidra Robel	Convoco praesentium templum. Pectus tollo demergo.	4	2018-12-14 23:12:03.777394	2018-12-14 23:12:03.777394	5
211	Dr. Shad Feest	Animadverto vapulus sollers. Accusamus despecto accipio.	4	2018-12-14 23:12:03.782383	2018-12-14 23:12:03.782383	28
212	Adrianna Stanton	Delego substantia ut. Tripudio acies temptatio.	5	2018-12-14 23:12:03.786331	2018-12-14 23:12:03.786331	21
213	Ferdinand Douglas	Conitor tactus dapifer. Spes comitatus verus.	2	2018-12-14 23:12:03.790751	2018-12-14 23:12:03.790751	3
214	See Hoppe	Tenetur pariatur audentia. Rerum taceo cunae.	1	2018-12-14 23:12:03.794743	2018-12-14 23:12:03.794743	17
215	Lauren Hammes	Capio absens volutabrum. Demitto degenero adulatio.	1	2018-12-14 23:12:03.798734	2018-12-14 23:12:03.798734	11
216	Roma Koepp	Inventore commodi subito. Vulticulus aspicio illo.	4	2018-12-14 23:12:03.802723	2018-12-14 23:12:03.802723	5
217	Ben Rutherford	Absum perspiciatis explicabo. Venustas ascit avarus.	1	2018-12-14 23:12:03.807709	2018-12-14 23:12:03.807709	47
218	Regine Morissette V	Uredo bene sustineo. Fugiat consequatur demitto.	3	2018-12-14 23:12:03.811698	2018-12-14 23:12:03.811698	18
219	Gladis Olson	Defleo beatus aut. Armo convoco cupiditas.	4	2018-12-14 23:12:03.815688	2018-12-14 23:12:03.815688	4
220	Toby Kautzer	Apto conicio audeo. Amicitia sono accommodo.	4	2018-12-14 23:12:03.81968	2018-12-14 23:12:03.81968	7
221	Rory Krajcik	Aveho demitto omnis. Cimentarius maxime suasoria.	1	2018-12-14 23:12:03.8237	2018-12-14 23:12:03.8237	6
222	Ms. Ghislaine Davis	Aperte amor blanditiis. Qui quia corona.	5	2018-12-14 23:12:03.828363	2018-12-14 23:12:03.828363	7
224	Florencio Boehm	Certus autem culpa. Barba sol crastinus.	3	2018-12-14 23:12:03.83631	2018-12-14 23:12:03.83631	8
225	Ingrid King	Tenuis esse talus. Ceno spiritus sui.	4	2018-12-14 23:12:03.841328	2018-12-14 23:12:03.841328	27
226	Cecil Haley Sr.	Depono vomito amet. Aliquid trans timidus.	2	2018-12-14 23:12:03.845039	2018-12-14 23:12:03.845039	4
227	Ms. Clemente Green	Vomito animadverto voluptatibus. Defungo virtus curriculum.	4	2018-12-14 23:12:03.849334	2018-12-14 23:12:03.849334	20
228	Graham Sipes DDS	Ut unus commodi. Arca vita turpe.	4	2018-12-14 23:12:03.85432	2018-12-14 23:12:03.85432	13
229	Nicolette Mosciski	Argumentum verumtamen depono. Culpa ter vapulus.	5	2018-12-14 23:12:03.85821	2018-12-14 23:12:03.85821	16
230	Rosella Cronin	Demum omnis curso. Distinctio ullam vacuus.	3	2018-12-14 23:12:03.862203	2018-12-14 23:12:03.862203	16
231	Jacqueline Gottlieb	Cedo aiunt adsidue. Cinis combibo suppono.	2	2018-12-14 23:12:03.86619	2018-12-14 23:12:03.86619	40
232	Jeromy Frami	Aggero vulnus blandior. Velociter ager bos.	2	2018-12-14 23:12:03.871178	2018-12-14 23:12:03.871178	5
233	Dr. Tommy Kiehn	Avarus vacuus quia. Consequatur demitto textus.	5	2018-12-14 23:12:03.874778	2018-12-14 23:12:03.874778	26
234	Armando Ward	Tempus voluptatem maiores. Cerno voluptas error.	4	2018-12-14 23:12:03.878809	2018-12-14 23:12:03.878809	37
235	Francesca Batz	Sophismata adficio cum. Creptio delego urbs.	2	2018-12-14 23:12:03.883759	2018-12-14 23:12:03.883759	14
236	Alan Kuphal	Amor saepe pecunia. Admoveo cupiditas creator.	4	2018-12-14 23:12:03.887834	2018-12-14 23:12:03.887834	29
237	Maye Lebsack	Utpote quo ambitus. Esse arcus spero.	5	2018-12-14 23:12:03.891783	2018-12-14 23:12:03.891783	6
238	Dominic Lesch MD	Vallum absum conservo. Timor stipes tametsi.	3	2018-12-14 23:12:03.895771	2018-12-14 23:12:03.895771	15
239	Herman Zboncak	Cupiditate conor depopulo. Accusantium collum eius.	4	2018-12-14 23:12:03.899761	2018-12-14 23:12:03.899761	1
240	Buster Smith Jr.	Admoveo valetudo fuga. Adimpleo velit occaecati.	5	2018-12-14 23:12:03.904748	2018-12-14 23:12:03.904748	19
241	Temple Robel MD	Ascisco circumvenio voluptates. Coepi vereor comminor.	4	2018-12-14 23:12:03.908945	2018-12-14 23:12:03.908945	35
242	Daryl Donnelly MD	Arca desidero quam. Accusator dicta asperiores.	2	2018-12-14 23:12:03.913154	2018-12-14 23:12:03.913154	40
243	Dr. Sherell Reichert	Tum consequatur altus. Cuius numquam vesco.	3	2018-12-14 23:12:03.918144	2018-12-14 23:12:03.918144	18
244	Miss Pablo Pagac	Cunae desidero et. Certe demens averto.	4	2018-12-14 23:12:03.922133	2018-12-14 23:12:03.922133	6
245	Ervin Kovacek	Assentator arceo clam. Vultuosus in commodi.	4	2018-12-14 23:12:03.926122	2018-12-14 23:12:03.926122	9
246	Dollie Johnson	Adinventitias atrox supra. Accendo sub aut.	4	2018-12-14 23:12:03.930111	2018-12-14 23:12:03.930111	14
247	Kurtis Crist	Totus adnuo amplus. Ait perferendis iusto.	1	2018-12-14 23:12:03.934133	2018-12-14 23:12:03.934133	31
248	Alia Reichert	Aut vinco demergo. Tempora est verus.	3	2018-12-14 23:12:03.939088	2018-12-14 23:12:03.939088	6
249	Duane Hane I	Omnis ut eveniet. Substantia carus suus.	4	2018-12-14 23:12:03.943077	2018-12-14 23:12:03.943077	19
250	Bobby Corkery	In paens error. Votum tricesimus voluptate.	3	2018-12-14 23:12:03.947081	2018-12-14 23:12:03.947081	11
251	Joe Know	Tastes good!	5	2018-12-15 00:23:34.997822	2018-12-15 00:23:34.997822	51
\.


--
-- Name: reviews_id_seq; Type: SEQUENCE SET; Schema: public; Owner: Robert Lee
--

SELECT pg_catalog.setval('public.reviews_id_seq', 251, true);


--
-- Data for Name: reviews_product_ids; Type: TABLE DATA; Schema: public; Owner: Robert Lee
--

COPY public.reviews_product_ids (id) FROM stdin;
\.


--
-- Name: reviews_product_ids_id_seq; Type: SEQUENCE SET; Schema: public; Owner: Robert Lee
--

SELECT pg_catalog.setval('public.reviews_product_ids_id_seq', 1, false);


--
-- Data for Name: schema_migrations; Type: TABLE DATA; Schema: public; Owner: Robert Lee
--

COPY public.schema_migrations (version) FROM stdin;
20181214204926
20181214190040
20181214190803
\.


--
-- Name: ar_internal_metadata_pkey; Type: CONSTRAINT; Schema: public; Owner: Robert Lee; Tablespace: 
--

ALTER TABLE ONLY public.ar_internal_metadata
    ADD CONSTRAINT ar_internal_metadata_pkey PRIMARY KEY (key);


--
-- Name: products_pkey; Type: CONSTRAINT; Schema: public; Owner: Robert Lee; Tablespace: 
--

ALTER TABLE ONLY public.products
    ADD CONSTRAINT products_pkey PRIMARY KEY (id);


--
-- Name: reviews_pkey; Type: CONSTRAINT; Schema: public; Owner: Robert Lee; Tablespace: 
--

ALTER TABLE ONLY public.reviews
    ADD CONSTRAINT reviews_pkey PRIMARY KEY (id);


--
-- Name: reviews_product_ids_pkey; Type: CONSTRAINT; Schema: public; Owner: Robert Lee; Tablespace: 
--

ALTER TABLE ONLY public.reviews_product_ids
    ADD CONSTRAINT reviews_product_ids_pkey PRIMARY KEY (id);


--
-- Name: schema_migrations_pkey; Type: CONSTRAINT; Schema: public; Owner: Robert Lee; Tablespace: 
--

ALTER TABLE ONLY public.schema_migrations
    ADD CONSTRAINT schema_migrations_pkey PRIMARY KEY (version);


--
-- Name: SCHEMA public; Type: ACL; Schema: -; Owner: postgres
--

REVOKE ALL ON SCHEMA public FROM PUBLIC;
REVOKE ALL ON SCHEMA public FROM postgres;
GRANT ALL ON SCHEMA public TO postgres;
GRANT ALL ON SCHEMA public TO PUBLIC;


--
-- PostgreSQL database dump complete
--

